level,wave,normal,fast,armored,flying,boss,spawnInterval
# Màn,Wave,Thường,Nhanh,Giáp nặng,Bay,Boss,Khoảng cách sinh (s)
1,1,7,0,0,0,0,1.2
1,2,8,0,0,0,0,1.2
1,3,9,0,0,0,0,1.2
1,4,10,1,0,0,0,1.2
1,5,6,1,0,0,1,1.2
1,6,12,3,0,0,0,1.2
1,7,13,4,0,0,0,1.2
1,8,14,5,0,0,0,1.2
1,9,15,6,0,0,0,1.2
1,10,8,4,0,0,1,1.2
1,11,17,8,0,0,0,1.2
1,12,18,9,0,0,0,1.2
1,13,19,10,0,0,0,1.2
1,14,20,11,0,0,0,1.2
1,15,11,6,0,0,1,1.2
2,1,7,0,0,0,0,1.2
2,2,8,0,0,0,0,1.2
2,3,9,0,0,0,0,1.2
2,4,10,0,1,0,0,1.2
2,5,6,1,1,0,1,1.2
2,6,12,2,2,0,0,1.2
2,7,13,3,2,0,0,1.2
2,8,14,4,3,0,0,1.2
2,9,15,5,3,0,0,1.2
2,10,8,3,2,0,1,1.2
2,11,17,7,4,0,0,1.2
2,12,18,8,5,0,0,1.2
2,13,19,9,5,0,0,1.2
2,14,20,10,6,0,0,1.2
2,15,11,6,3,0,1,1.2
3,1,6,0,0,0,0,1.2
3,2,7,0,0,0,0,1.2
3,3,8,0,0,0,0,1.2
3,4,9,0,1,0,0,1.2
3,5,5,1,1,1,1,1.2
3,6,11,2,2,1,0,1.2
3,7,12,3,2,2,0,1.2
3,8,13,4,3,2,0,1.2
3,9,14,5,3,3,0,1.2
3,10,8,3,2,2,1,1.2
3,11,16,7,4,4,0,1.2
3,12,17,8,5,4,0,1.2
3,13,18,9,5,5,0,1.2
3,14,19,10,6,5,0,1.2
3,15,10,6,3,3,1,1.2
